{"mPosition":{"x":3.039792537689209,"y":5.960464477539063e-8,"z":-22.74292755126953},"mScene":2}